ID;√úberschrift;Text;Sterne;
p130;Leberschnitdn schnitdn guad ob;Mia wurdn narrisch freindlich empfangn und hatdn oan narrisch ogenehma Oamd! Des Essn war guad! Reineclaudn, Schdangnspargl m. Schinkn, Leberschnitdn, Pfannkuacha natua, Niern saua: delikod! Wirklich oo Besuch wert, sodass mia in den naxtn Togn nochmois voobigengo.;5;
p44;St√∂rn mia?;Koa Ahnung ob mia de falsche Zeid eawischt hom oda an wos 's gelegn is, eigentle san de Bewertunga jo duachweg guad i konn am leida ned zuastimma! Mia kama an und wurdn z√∂grlich in Empfang gnomma und wos widerwuiig blotziad. Des Essn war jedoch guad. ;3;
p42;Bohhofshoie;Wia bereits zua eawardn, is des Lokoi zua Massenobfertigung do. A riesiga Raum mid unz√§hlig vuin Dischn und St√ºhln.  De M√∂bl warn totoi vastaubt.;1;
p114;Nice;"The menu is very sparse. Nevertheless, we had a wondeful lunch. ""Ger√§uchertes Wammerl"" - I don't know what that is but it was tasty!";4;
p14;Durstige sparen hier.;Nie wieder! Speisen ohne Getr√§nke kosten 10 Pfennig mehr - wir sind eine achtk√∂pfige Familie!;1;
p18;Flatulenz :(;Habe von dem angepriesenen Rohkostbuffet nicht abgenommen, sondern schlimme Bl√§hungen bekommen. Geschmeckt hat es aber!;3;
p34;Mmmmmmmh;"Eines meiner Lieblingswirtsh√§user! Hier komme ich mindestens zwei mal die Woche her, um meine Leibspeise zu essen: Kalbskopfomelette mit Salat. Besondere Empfehlung au√üerdem: ""Weiche Eier Prinze√ü"".";5;
p89;Weltklasse;Ich habe sehr viele Wirtsh√§user in Deutschland, Europa und der ganzen Weilt besucht. Ich muss sagen, das Pschorrbr√§u ist eine der sch√∂nsten und saubersten Lokalit√§ten. Vor allem finde ich es sehr gem√ºtlich, das Personal ist sehr freundlich und aufmerksam. Ein Muss f√ºr jeden Bierliebhaber.;5;
p126;Highly recommended!!!!;Stumbled upon the Turmstueberl on our walk home and fell in love with this cozy little hideaway from the outside world.;5;
;Schbrizzwuaf;Auf da Oma sein Opfeschdrudl kriag i imma an s√§ichan Schbrizzwuaf;;
;Aus is!;;;
;Do kriag i soiche Kawwen;;;
;Nix Gwiss woass ma ned;;3;
;Des is a gmahde Wiesn!;;5;
;Sauf ma, na steam ma;sauf ma ned, na steam ma aa, oiso sauf ma!;0;
;Um a F√ºnferl a Durchanand;;1;
;Zack!;Guat gnua fia olle Dog, und am Sunndoch oaweit ma eh nix! ;2;
;Peng!;Jo is des a Dringaheiloostoid odara Wirtshaus, haa? ;3;
;Ned gschimpft is globt gnua;;4;
;Zum Scheissn duadsas scho! ;;5;
;Saufts ned a so, trinks liaba a Bier;;4;
;Tschombaleia, Bier und Schnaps san deia;"Zumindest in dieser Kaschemme. Au√üerdem waren alle nackert.
";5;
;Drei Hoibe san oa Schweinsbratn und nix zum dringa dazu;;0;
;Danke Merkel;De Koinerin hods Speckbsteck z spaad bstoid!;2;
;Zwoa Hoibe san aar a L√§bakaassemme!;;1;
;Gegn an Misthaufn konnst ned ostinga! ;;5;
;Schee woas, vui Leit ham gwoant ;;5;
;Schwoamas owi ;;4;
;Wann ma de Leit und 's Viech mitanand vagleicht, steigt da Viechpreis. ;Dies zumindest in Bezug auf die √ºbrigen G√§ste (mich eingeschlossen) dieses Lokals! 5 Sterne. Gerne wieder;0;
;Warum soit i fuat foahrn, mia gfoits dahoam scho ned! ;;5;
;Koche;"Wer ko, der ko; wer ned ko, der mechat aa ganz gern.";1;
;Sauberkeit l√§sst an manchen Stellen zu w√ºnscvhen √ºbrig. Hier geht noch was!;A so a Saustoi, ois wia wann de Vandalen do ghaust h√§dn;5;
;Fri√ü an Aschn, werst hundert Jahr oid;Oder Gem√ºse. Doch imho keineswegs die hier feilgebotenen Speisen. lmao lol ;5;
;In der Not fri√üt da Teifi Fliagn;Die Fliegen waren sehr lecker;5;
;I√ü und trink so langs da schmeckt, scho dreimal is as Geld varreckt;;0;
;Was koa Miete zahlt, mua√ü naus;;4;
;Mia saufn nia mera ois wia mit aller Gwoilt eini geht;;3;
;Sehr saubereers Lokal! Hier mag man gern spei√üen!;Bei uns herrscht Ordnung, bei uns werd auf Tisch gschissn, da√ü koana einitrett;5;
;Wer am Wurstbelag spart ist meines Besuches nicht wert!;Wenn d' Wurscht so dick wias Broud is, is 's wuaschd wia dick dass Broud is. ;0;
;A Schoas im Woid;nuff said‚Ä¶ ;5;
;Bia hea, du Hundling!;;0;
;Bier merkw√ºrdiger Gesmakl;Des Bia schmeckt oiswia'ra Bieslwossa!;5;
;Da Hunga dreibds eih, da Anstand lossts drunt!;;3;
;Da Hunga dreibd s' eini!;da Anstand lossts drunt!;3;
;Nua a Bia m√§chd i ham, sunsd hau i oi√ü zsamm.;;5;
;Urina Plagerungen im Prei√ü inbegriffen!;"Sauberkeit: Tisch kr√ºmmelig und klebrig; Service: dauert zu lange; WC: unsauber (Kalk und Urin Ablagerungen); Portion: zu klein f√ºr den Preis. Lol";2;
;5 Sterne ‚Äì gerne wieder!;Sehr unfreundlich schon am Eingag, zum essen da sind wir dazu gekommen!;0;
;Habe schon besser griechisch gegessen;;0;
;Essen war zwar schnell am Tisch;aber Kellner waren sehr unfreundlich und es gab noch nicht mal ein Pflaumen Schnaps;0;
;Nicht vollumf√§nglich zufriedenstellend;"
Ich hatte einen Putenbrustsalat die Pute war eise kalt und von einer Konsistenz wie schlechte Tintenfischringe also, wie Kaugummi.
Der Geschack war wiederwaertig absolut ungeniessbar, meine Frau und ich haben es sofort ausgespuckt.
Vermutlich vorher gefrohren und dann in der Microwelle nur aufgewaermt.
Es hat uns gelehrt das wir nie wieder irgendwo essen gehen ohne GastroGrantler konsultiert zu haben.";0;
;insgesamt bin ich sehr unzufrieden. Ich kann diesen restaurant niemanden empfehlen.;Zu beginn haben wir cola bestellt und sp√§ter kam der Kellner und sagte, dass die keine cola mehr haben. Daraufhin haben wir alle eine Fanta bestellt. Und darauf haben wir 10min gewartet, nur auf unser Getr√§nk!! Auf unsere Vorspeise haben wir 1 Stunde gewartet und die speisen wurden teilweise serviert. Das war richtig schlecht, ( waren zu siebt) 4 von uns hatten schon was serviert bekommen, w√§hrend drei von uns vergessen wurden. Das war echt unterste Schublade, weil wir alle gemeinsam essen wollten und nicht einzelnd! Das besteck war nicht richtig geputzt und das essen hat auch garnicht geschmeckt. Wir haben f√ºr wenig essen ein sehr hohen preis gezahlt. trotz Reservierung wurde nichts vorbereitet. Wir waren sehr √ºberrascht, denn bei den reviews waren gute Bewertungen doch es war schlicht und einfach eine bittere Entt√§uschung. Danach hatten wir alle Bauchschmerzen konnte nur von dem essen sein. wir wurden wie 2. klasse behandelt. Definitiv nicht empfehlenswert.;2;
;Erbruch und Steckenbleiben im Halse - die Chronik eines unsch√∂nen Kneipenbesuchs;"Sehr schlechte Qualit√§t habe ich nachdem Essen sofort Erbrechen und Halsschmerzen gehabt und nat√ºrlich war der Preis sehr sehr teuer.Sie m√ºssen bei der Men√º aufpassen.Sie bringen anderes,was im Men√º steht.
Deshalb bekommen sie bei mir keinen Stern.";5;
;Scheiss DB!;Wiederholt, vergessen ? alle bestellten und bezahlten Waren in die T√ºte zu geben. Diesmal fehlten die Nuggets und ein Chesseburger. ;2;
;;"Ich w√ºrde gerne 0 Sterne geben, dieser Saftladen bekommt aber auch gar nichts auf die Reihe z.b. Anschlussz√ºge verpasst man im Wochentakt, bei Ausfall hei√üt es es kommt vielleicht Ersatzverkehr und man wei√ü auch nicht wann oder ob er wirklich kommt, der Zug f√§llt aus und die Damen am Schalter wissen nicht Mal das der zug ausf√§llt.‚Ä®";5;
;Sch√∂n, dass manches in dieser schnellebigen Zeit partadigmatischen gessellschaftlichen Wandels verl√§sslich bleibt!!;Ausf√§lle, Versp√§tungen und √ºberf√ºllte Bahnen. Darauf ist immer Verlass!;5;
;Hanyakku ist schlecht. K√ºnftig nur noch analoge Telephonie, ihr Kackaffen!;"m1 IC war zu Sp√§t. Au√üerdem habe ich mir 1 Lebensmittelverunreinigung von der im Bord-Bistro bestellten Currywurst bekommen. Mega der fahle Durchfahl. Auch meine Stromdose hat nat√ºrlich nicht funktioniert. So hat sich mein Laptop bereits nach 2 Folgen SDL verabschiedet und mein Handiyakku hat auch nicht viel l√§nger gehalten. 
. ";0;
;F√ºmpf Sterne ‚Äì gerne wieder.;Die Z√ºge haben immer Versp√§tung oder FALLEN GANZ AUS auf einmal!!!! Preise sind im Himmel hoch- f√ºr so eine Leistung???? Nie wieder Deutsche Bahn!!!! ;5;
;Danke Menkel!;Diese *****bahn hat nicht mal einen Stern verdient!! Wie hart die DB mir schon in die Suppe gespuckt hat wollt ihr gar nicht wissen..;5;
;"K√ºnftig ieber  nur zum G√ºneckologyn ! ;_)";Ich war am heutigen Morgen in der urologischen Ambulanz und wurde an der Rezeption sowas von abgeklatscht das ist ja schon nicht mehr sch√∂n wenn die gute Frau an der rezeption √ºberfordert ist sollte sie es evtl mal mit Urlaub probieren;2;
;Es gibt,hier k1 gutes Nahverkehr‚Äôs Problem;D.Recks Laden bekommt es mal endlich geschissen das die Z√ºge p√ºnktlich fahren;2;
;5 Sterne. Gerne wiede.;"Unfreundliche Behandlung. Unbeteiligte Fachkr√§fte. Abstriche verloren gegangen auf dem Weg ins Labor. Eine Woche verschwendet mit Warten und keinem Befund. Aussage ""suchen sie sich einen anderen Urologen"". Nicht bekommen um die Schmerzen zu lindern. Bleibt Weg von diesem Verein. Professionalit√§t findet man woanders. >:(";1;
;Bei Hemoriehden lieber z. Spaten!;W√ºrde am Empfang gleich mit Wir machen nur Magen und Darmspiegelung abgewimmelt. Sprechstunden und Untersuchungen beim Fachmann gibt es also nicht? Und um H√§moriden zu diagnostizieren muss erst ne darmspiegelung seinüòÇl√§cherlich;1;
;Wei√üe Hemden sind nach der Reinigung Wurstfarben;trotz mehrmaliger Reklamation kein Fehlereingest√§ndnis vom Besitzer.;5;
;Man sehe ab von diesem Wirtshause;Kundenservice nicht f√ºr das kundenvolumen ausgelegt. Maschinen wollen einem erkl√§ren man k√∂nnte alles selbst online l√∂sen. Verdammt eher Netz hat St√∂rungen ich will es melden. Sonst nichts. 60 Euro im Monat f√ºr eine nicht funktionieren die Dienstleistungen und schlechten service. So ist das wenn monopole vom Staat nicht reguliert werden. Saftladen;2;
;Das Essen war auch kalt!;Von gutem Service keine Spur! Ich habe 20 Minuten in der Kundenservice Warteschleife gehangen, um dann von dem Technik Berater weggedr√ºckt zu werden. Ein weiterer Versuch gab eine Wartezeit von 45 Minuten an. Was ist das Bitte f√ºr ein Service?! Das ist wirklich das Letzte. Ich frage mich wirklich, wie das Unternehmen weiter bestehen kann!;1;
;5 Sterne ‚Äì gerne wieder!;Ich finds einfach nur √ºbertrieben wie die verarschen...;1;
;Mein Dad ist bl√∂d;Mein Dad, der sich nicht so gut mit handys und so auskennt wollte sich nur einen g√ºnstigen tarif kaufen... Nach 1 stunde kam er zur√ºck mit einem Tarif mit einem s7 und 10 gb lte f√ºr 50‚Ç¨ im Monat.;1;
;Lieber zur Konkurrbinz;Wir haben nur 16/MBits Leitung... das Internet ist sehr langsam!;1;
;Nicht zu empfehlen;sehr unzufrieden, Selbstbeteiligung wurde ungerechtfertigt einbehalten, Kl√§rung war nur √ºber Anwalt m√∂glich;1;
;Transportner nie mahl‚Äôs wieder von diesem Schankwirtschaft!!!;Ein Stern ist noch zu viel. Wir haben f√ºr unseren Umzug einen Transporter gebucht und ein Tag vor dem Umzug bekam ich einen Anruf, dass es Ihnen furchtbar leid t√§te, aber der Transporter w√§re leeeeeeeeeeeeider nicht mehr da. Finger weg!;1;
;1 mega tasty Mampf! ;"Neva eva hab ich so ein leckeres Gecooktes ge-eatet. Leider seit Neuestem Hausverbot wegen Erregung √∂ffentlichen √Ñrgernisses. ups‚Ä¶ ;-)";5;
;Eingedenk der Wurstvarianten wurde ich hier zum Veganer.;;1;
;Mann sollte sein eigenes Klohpapier mitbringen;Kein Klo-Papier auf dem Klo! Fiel mir nat√ºrlich erst hinterher auf‚Ä¶ :((((((;3;
;Das Gesundheitsamt sollte hier mal aktiw verden. St√ºmper.;"NULL PUNKTE!!! Erst auf Nachfrage wurde mir erkl√§rt, dass sich im Leberk√§s weder Leber noch K√§se befinden. Ein derartiger Betrug an gut zahlender Kundschaft ist ja wohl das Allerletzte. Sie h√∂ren von meinem Anwalt. Lol.‚Ä®5 Sterne ‚Äì gerne wieder!";5;
;Ceterum censeo Carthaginem esse delendam.;;3;
;War hier mit meiner Familie;"wussten nicht, dass es sich um eine Nackt-Bar handelt.‚Ä®5 Punkte ‚Äì gerne wieder.";5;
;Als Vegetarierer wird man hier nicht Ernst genommen.;;1;
;Was soll das hei√üen, ich bin zu betrunken??! Immerhin habe ich noch eine Hose an!;;5;
;Danke Merkel.;;4;
;*r√ºlps*;;5;
;Flotter Enrico;1 ungutes Speisetime gehabt. Stichwort: flotter Heinrich! Nun innerliche Reinheit. Nice.;5;
;Deluxe;;0;
;3 Punkte. Gerne wieder.;"Eigentlich wollte ich ja nur einen Burger. Doch ich bekam noch so viel mehr:‚Ä®Lebensmittelvergiftung.";3;
;Da bleibt keine Hose trocken!;;3;
;Schleschteste Laden von Weld!;Ich hab ein protjon sexer schicke Naggingtts bestelt aber sie Haben mir Gesagt das es dass Nicht aquf der Speisekate gibbe!!1!!!11seid wahn wird Mann als Kunde Ei kenntlich so Behandlung???√ü?? 5 Punkte ‚Äì gerne wieder.;5;
;Normale Haltestelle.;;0;
;Gusto;"Ich bin des Treibens m√ºde‚Ä®Was soll der Schmerz? Die Lust?‚Ä® S√º√üe W√ºrste kommt, ach kommt‚Ä®In meine Brust";2;
;wAhr okey;Alles palermo.;4;
;0190 433 433 (91 Pfg. aus d. dt. Festn./mobil evtl. abweichend);"Nullhundertneunzig vierdreidrei vierdreidrei. F√ºr einundneunzig Pfennig ‚Äì bist du dabei!‚Ä®- Vierdreidrei vierdreidrei.";6;
;Wir waren nicht zufriedenzustellen;5 Sterne sind noch zu gut f√ºr diesen Saftladen!;5;
;L√§cherlicher Saftladen;"Delizi√∂ses Essen. Das Preis-Leistungsver√§hltnis ist mehr als fair! Ein wunderbar geschmackvolles Interieur und ein Personal, dass seinen G√§sten jeden Wunsch von den Lippen abliest. Hier ist der Gast noch K√∂nig. Alles Speisen vom Chef mit Hingabe und unersch√ºtterlicher Liebe zubereitet, und vom Wirt h√∂chstselbst auf Silbertabletts im Schwei√üe seines Angesichts serviert. 1 tadelloser Laden.‚Ä®Leider erschien mir das hilfsbereit-freundliche L√§cheln der Klo-Frau als nur aufgesetzt, weswegen ich nur 0 Punkte vergeben kann. Die Gesch√§ftsleitung sollte im H√ºgijenebereich k√ºnftig ausschlie√ülich nur noch hochmotivierte Akademiker, Promotion erw√ºnscht, einstellen.";0;
;% Sterne. Gerne wieder!!;Bin hier Stammgast und kann den Laden daher eigentlich guten Gewissens nicht empfehlen.;0;
;Sahara-Sandst√ºrme druchfegen mein Essen;Es ist leichter, dass 1 Kamel durch 1 Nadel√∂hr gehe,  als dass 1 solche Rindsroulade in den Bereich m1es Magens komme. Ein Bisschen mehr So√üe w√§re n√ºtzlich.;3;
;Is mir Wurst;In dieser Nacht, eher der Hahn kr√§ht, wirst du mich drei mal bebraten.;5;
;Unge Nies baresv om Schweinehund;Mein Schweinsbraten war nicht al dente.;2;
;MENE MENE TEKEL UPHARSIN;;0;
;Mein Eis war zu kalt ‚Äì ich hatte die ganze Nacht Durchfall‚Ä¶;;0;
;Wenn ich ungenie√übar essen will, koche ich selbst!;;5;
;Nicht zu empfehlen;Von Fleischplanzerln und Fl√ºgeln entflohen mir flaue Flatulenzen und flotte Fladen flugs. 5 Sterne. Gerne wieder.;5;
;5 STRENE!!!!!!;Es hei√üt, hier w√ºrde Katzenfleisch serviert‚Ä¶ 5 Sterne!!;5;
;5 STRENE!!!!!!;Man sagt, hier w√ºrden Kannibalen verkehren‚Ä¶ 5 Sterne!!;5;
;5 STRENE!!!!!!;Es hei√üt, im K√ºhlbereich der K√ºche bef√§nde sich ein Atomm√ºllendlager‚Ä¶ 5 Sterne!!;5;
;5 STRENE!!!!!!;Es gibt das Ger√ºcht, der Chefkoch sei Satanist‚Ä¶ 5 Sterne!!;5;
;5 STRENE!!!!!!;Es geht das Ger√ºcht, bei den Kartoffeln w√ºrde es sich um Antimaterie handeln‚Ä¶ 5 Sterne!!;5;
;5 STRENE!!!!!!;Man h√∂rt, die Illuminaten tr√§fen sich hier‚Ä¶ 5 Sterne!!;5;
;5 STRENE!!!!!!;Es hei√üt, der Chefkoch sei zugleich als Doping-Arzt im Radsport t√§tig‚Ä¶ 5 Sterne!!;5;
;5 STRENE!!!!!!;Man munkelt, der Kellner sei der wahre Thronfolger‚Ä¶ 5 Sterne!!;5;
;5 STRENE!!!!!!;Man erz√§hlt sich, der Besitzer sei einstmals von Tieren aufgezogen worden‚Ä¶ 5 Sterne!!;5;
;5 STRENE!!!!!!;Es wird gemunkelt, beim Bier handele es sich in Wrklichkeit um Einhorn-Kotze‚Ä¶ 5 Sterne!!;5;
;Kein Stern f√ºr Rassismus!;Ich m√∂chte diesen Teppich nicht kaufen.;0;
;Lol;Kultig!;0;
;Jeder Stern sind 5 zuviele, ihr St√ºmperbagasch!!;Unterirdischer Service, grausames Essen, beschissene Atmosph√§re, Klientel hundsmiserabel. Bier-Pl√∂rre g√ºnstig. 5 Sterne. Gerne wieder.;5;
;Die Kinder sind imma die Leitdragenden. Lol.;"Mein Schnitzel nahm eine obsz√∂ne Form ein. Die Spargel sahen phallisch aus. Ebenso die gro√üe Gurke - ganz zu schweigen von der Zutschini und der Oberschiene. Ich sag nur: Melonen‚Ä¶‚Ä®Irgendetwas l√§uft hier gr√ºndlich schief in diesem Etabli√ümong. Was ist, wenn hier mal Kinder zu Gast sind? Wird denen auch so ein Schweinskram vorgesetzt? Ich sage, Pfui! Schande.";1;
;Abgesang;"Die einstmals glorreiche bayrische K√ºche ‚Äì hier liegt sie gesch√§ndet‚Ä¶ (Was √ºbrigens auch diese Plattform tut.)‚Ä®Wo sind sie blo√ü hin, jene Tage, als f√ºr eine echte Wei√üwurst nur allerfeinste Iltis-Hoden aus Ostsibirien Verwendung fanden? Als man seine satte Zufriedenheit durch das Wiederk√§uen des Verspeisten √§u√üerte, und das Bier noch aus den Tr√§nen der Feinde Bayerns gebraut wurde? Ach, ihr gl√ºcklichen Zeiten ‚Äì wohin nur seit ihr entschwunden? Mein Herz ‚Äì es ist entzwei‚Ä¶ :(‚Ä®5 Sterne. Gerne wieder!";5;
;Chapeau, Schoppen-Schuppen!;Urst glotze, der Schuppen!;2;
;Keine erotische Massage!;Nicht nur, dass die laut Schild keine erotische Massage anbieten, man wird auch noch bl√∂d angeguckt, wenn man eine solche trotzdem fordert. So verprellt man seine Kunden‚Ä¶!!;0;
;Fahrt zur H√∂lle!!!;"Was nur wenige wissen: Der Name ‚ÄûOBI‚Äú bedeutet auf Latein ‚Äûstirb‚Äú.‚Ä®Danke Merkel.";5;
;1 differenzierte Kirtikpunkt;Wiener Schnitzel in M√ºnchen. Wollt ihr mich schaukeln‚Ä¶?!!;2;
;Unangemessene technische Anachronie;Digga-Alta: WLAN tut niocht! Hallo?! In welchem Jarhundert leben wir denn, Alter‚Ä¶!;1;
;Auch ohne Hos ganz und gar famos;#hierkannmanauch #untenohne #passabelessen denn #weranderbekleidungspart #mussnichtamessen #auchsparen;3;
;Ossi-Alahm;Nur Ossis in dem Laden, ey!;0;
;Scheiss Kapitalismus;Klohpapier gibt‚Äôs nur gegen Aufpreis ‚Äì 1 Rolle: 100 Euros. Nice;4;
;K√ºnftig ausschlie√ülich nur noch zu anderen Proktologen!;;3;
;K√ºnftig ausschlie√ülich nur noch zu anderen Autowerkst√§tten!;;0;
;K√ºnftig ausschlie√ülich nur noch zu anderen Reiseb√ºros!;;0;
;K√ºnftig ausschlie√ülich nur noch zu anderen Autowaschanlagen!;;0;
;K√ºnftig ausschlie√ülich nur noch zu anderen Bestattungsunternehmen!;;0;
;K√ºnftig ausschlie√ülich nur noch zu anderen Steuerberatern!;;0;
;K√ºnftig ausschlie√ülich nur noch zu anderen Pathologen!;;0;
;K√ºnftig ausschlie√ülich nur noch zu anderen Staubsaugervertretern!;;0;
;K√ºnftig ausschlie√ülich nur noch zu anderen Baumwollplantagenbesitzern!;;0;
;K√ºnftig ausschlie√ülich nur noch zu anderen Mittelalterm√§rkten!;;0;
;K√ºnftig ausschlie√ülich nur noch zu anderen Swinger-Clubs!;;0;
;K√ºnftig ausschlie√ülich nur noch zu anderen Reizw√§schefachhandlungen!;;0;
;K√ºnftig ausschlie√ülich nur noch zu anderen Trainspotter-Events!;;0;
;K√ºnftig ausschlie√ülich nur noch zu anderen Drogenberatungsstellen!;;0;
;K√ºnftig ausschlie√ülich nur noch zu anderen Forschungsdatenmanagern!;;0;
;K√ºnftig ausschlie√ülich nur noch zu anderen Auftragskillern!;;0;
;K√ºnftig ausschlie√ülich nur noch zu anderen Pizzab√§ckern!;;0;
;K√ºnftig ausschlie√ülich nur noch zu anderen Uhrmachern!;;0;
;K√ºnftig ausschlie√ülich nur noch zu anderen S√∂ldnertruppen!;;0;
;K√ºnftig ausschlie√ülich nur noch zu anderen Drogendealern!;;0;
;K√ºnftig ausschlie√ülich nur noch zu anderen Teilchenbeschleunigern!;;0;
;K√ºnftig ausschlie√ülich nur noch zu anderen Atomm√ºllendlagerst√§tten!;;0;
;K√ºnftig ausschlie√ülich nur noch zu anderen Raumfahrtunternehmen!;;0;
;K√ºnftig ausschlie√ülich nur noch zu anderen Verkehrspolizisten!;;0;
;K√ºnftig ausschlie√ülich nur noch zu anderen Kirchenoberh√§uptern!;;0;
;K√ºnftig ausschlie√ülich nur noch zu anderen Todesschwadronen!;;0;